{"cameraMode":{"drawMode":0,"name":"Shaded","section":"Shading Mode"},"sceneLighting":false,"audioPlay":false,"sceneViewState":{"m_AlwaysRefresh":false,"showFog":true,"showSkybox":false,"showFlares":true,"showImageEffects":true,"showParticleSystems":true,"showVisualEffectGraphs":true,"m_FxEnabled":true},"in2DMode":false,"pivot":{"x":58.88713073730469,"y":0.21111595630645753,"z":0.3961767554283142},"rotation":{"x":-0.10240651667118073,"y":-0.7375545501708984,"z":0.11486611515283585,"w":-0.6575313806533814},"size":0.3464106023311615,"orthographic":true}